[
  {
    "title": "Ⅰ. 2010年06月12日 東京 <ruby>朗<rt>あきら</rt></ruby>と英美子のアパート・その1",
    "date": "2010年06月12日",
    "file": "2010.06.12.md"
  },
    {
      "title": "Ⅱ. 2010年06月13日　東京 <ruby>朗<rt>あきら</rt></ruby>と英美子のアパート・その2",
      "date": "2010年06月13日",
      "file": "2010.06.13.md"
    },
    {
      "title": "Ⅲ. サンノゼ　ビリーズ・バー",
      "date": "2010年10月15日",
      "file": "2010.10.15.md"
    },
    {
      "title": "Ⅳ. サンノゼ　<ruby>CARL<rt>カール</rt></ruby>ラボ",
      "date": "2010年11月24日 22時38分",
      "file": "2010.11.24.md"
    },
    {
      "title": "Ⅴ. 朗の生家　緑川 英美子",
      "date": "2011年03月25日",
      "file": "2011.03.25.md"
    },
    {
      "title": "Ⅵ. 眞のマシンのログ",
      "date": "2024年12月20日",
      "file": "2024.12.20.md"
    },
    {
      "title": "Ⅶ. ロスアンゼルス　シドニー・グレイソン",
      "date": "2024年12月21日_01",
      "file": "2024.12.21_01.md"
    },
    {
      "title": "Ⅷ. 松本市　英美子と眞の家・その1",
      "date": "2024年12月21日_02",
      "file": "2024.12.21_02.md"
    },
    {
      "title": "Ⅸ. 松本市　英美子と眞の家・その2",
      "date": "2024年12月21日_03",
      "file": "2024.12.21_03.md"
    },
    {
      "title": "Ⅹ. 松本市　英美子と眞の家・その3",
      "date": "2024年12月21日_04",
      "file": "2024.12.21_04.md"
    },
    {
      "title": "Ⅺ. 松本市　英美子と眞の家・その4",
      "date": "2024年12月21日_05",
      "file": "2024.12.21_05.md"
    },
    {
      "title": "Ⅻ. エピローグ",
      "date": "2024年12月25日",
      "file": "2024.12.25.md"
    }
  ]

  